,rounded_time,bikes_rented,bikes_returned,temperature,humidity,windSpeed
0,2024-10-03 00:00:00,0.0,0.0,15.13,87.0,1.5
1,2024-10-03 00:10:00,31.0,41.0,15.0,88.0,1.5
2,2024-10-03 00:20:00,21.0,27.0,14.88,88.0,1.38
3,2024-10-03 00:30:00,16.0,21.0,15.5,87.0,1.38
4,2024-10-03 00:40:00,20.0,23.0,15.38,88.0,1.38
5,2024-10-03 00:50:00,15.0,13.0,15.13,89.0,1.63
6,2024-10-03 01:00:00,13.0,27.0,15.0,90.0,1.69
7,2024-10-03 01:10:00,24.0,19.0,14.81,90.0,1.69
8,2024-10-03 01:20:00,22.0,28.0,14.81,90.0,1.69
9,2024-10-03 01:30:00,18.0,27.0,15.69,87.0,1.0
10,2024-10-03 01:40:00,12.0,17.0,15.69,86.0,1.0
11,2024-10-03 01:50:00,11.0,8.0,15.81,85.0,1.0
12,2024-10-03 02:00:00,8.0,17.0,15.81,84.0,0.88
13,2024-10-03 02:10:00,8.0,7.0,15.81,83.0,0.88
14,2024-10-03 02:20:00,9.0,14.0,15.63,84.0,0.88
15,2024-10-03 02:30:00,6.0,6.0,15.88,83.0,1.13
16,2024-10-03 02:40:00,6.0,6.0,15.63,83.0,1.19
17,2024-10-03 02:50:00,7.0,15.0,15.38,84.0,1.38
18,2024-10-03 03:00:00,8.0,3.0,15.31,84.0,1.38
19,2024-10-03 03:10:00,8.0,5.0,15.13,85.0,1.63
20,2024-10-03 03:20:00,5.0,10.0,14.88,87.0,1.5
21,2024-10-03 03:30:00,6.0,3.0,15.88,84.0,1.63
22,2024-10-03 03:40:00,2.0,13.0,15.88,85.0,1.5
23,2024-10-03 03:50:00,4.0,5.0,15.88,85.0,1.5
24,2024-10-03 04:00:00,3.0,13.0,15.88,86.0,1.5
25,2024-10-03 04:10:00,1.0,7.0,16.0,88.0,1.38
26,2024-10-03 04:20:00,3.0,15.0,16.13,87.0,1.31
27,2024-10-03 04:30:00,9.0,5.0,16.63,82.0,1.31
28,2024-10-03 04:40:00,5.0,10.0,16.5,83.0,1.31
29,2024-10-03 04:50:00,14.0,6.0,16.5,84.0,1.31
30,2024-10-03 05:00:00,5.0,14.0,16.5,84.0,1.31
31,2024-10-03 05:10:00,8.0,20.0,16.38,85.0,1.31
32,2024-10-03 05:20:00,11.0,28.0,16.38,86.0,1.31
33,2024-10-03 05:30:00,29.0,19.0,16.38,83.0,1.19
34,2024-10-03 05:40:00,31.0,22.0,16.31,84.0,1.31
35,2024-10-03 05:50:00,36.0,49.0,16.19,85.0,1.31
36,2024-10-03 06:00:00,47.0,45.0,16.13,85.0,1.38
37,2024-10-03 06:10:00,30.0,31.0,16.13,86.0,1.38
38,2024-10-03 06:20:00,52.0,39.0,16.13,87.0,1.38
39,2024-10-03 06:30:00,51.0,43.0,16.38,87.0,1.63
40,2024-10-03 06:40:00,60.0,45.0,16.38,88.0,1.5
41,2024-10-03 06:50:00,43.0,75.0,16.13,90.0,1.38
42,2024-10-03 07:00:00,46.0,100.0,16.0,91.0,1.38
43,2024-10-03 07:10:00,47.0,88.0,15.88,92.0,1.31
44,2024-10-03 07:20:00,73.0,79.0,16.13,91.0,1.31
45,2024-10-03 07:30:00,76.0,121.0,16.63,82.0,1.13
46,2024-10-03 07:40:00,68.0,89.0,16.63,82.0,0.88
47,2024-10-03 07:50:00,84.0,111.0,16.69,82.0,0.81
48,2024-10-03 08:00:00,80.0,159.5,16.69,82.0,0.69
49,2024-10-03 08:10:00,78.0,147.0,16.88,81.0,0.63
50,2024-10-03 08:20:00,90.0,137.0,17.13,79.0,0.69
51,2024-10-03 08:30:00,94.0,159.5,17.81,67.0,1.5
52,2024-10-03 08:40:00,99.0,137.0,18.0,65.0,1.38
53,2024-10-03 08:50:00,89.0,159.5,18.19,64.0,1.31
54,2024-10-03 09:00:00,45.0,159.5,18.38,62.0,1.19
55,2024-10-03 09:10:00,62.0,159.5,18.5,61.0,1.19
56,2024-10-03 09:20:00,51.0,159.5,18.69,60.0,1.19
57,2024-10-03 09:30:00,65.0,133.0,18.5,63.0,1.5
58,2024-10-03 09:40:00,74.0,92.0,18.63,63.0,1.63
59,2024-10-03 09:50:00,68.0,80.0,18.63,63.0,1.63
60,2024-10-03 10:00:00,70.0,115.0,18.63,63.0,1.69
61,2024-10-03 10:10:00,100.0,100.0,18.69,63.0,1.69
62,2024-10-03 10:20:00,81.0,113.0,18.81,63.0,1.5
63,2024-10-03 10:30:00,58.0,112.0,19.69,59.0,1.38
64,2024-10-03 10:40:00,57.0,96.0,19.69,59.0,1.19
65,2024-10-03 10:50:00,68.0,90.0,19.81,60.0,1.13
66,2024-10-03 11:00:00,54.0,68.0,19.88,60.0,1.0
67,2024-10-03 11:10:00,62.0,75.0,20.13,60.0,1.0
68,2024-10-03 11:20:00,71.0,76.0,20.31,59.0,1.13
69,2024-10-03 11:30:00,68.0,66.0,20.81,57.0,1.81
70,2024-10-03 11:40:00,88.0,77.0,20.946666666666665,56.666666666666664,1.9766666666666668
71,2024-10-03 11:50:00,93.0,75.0,21.083333333333332,56.333333333333336,2.1433333333333335
72,2024-10-03 12:00:00,75.0,88.0,21.22,56.0,2.31
73,2024-10-03 12:10:00,93.0,94.0,21.356666666666666,55.666666666666664,2.4766666666666666
74,2024-10-03 12:20:00,115.0,79.0,21.493333333333332,55.333333333333336,2.6433333333333335
75,2024-10-03 12:30:00,93.0,110.0,21.63,55.0,2.81
76,2024-10-03 12:40:00,74.0,79.0,21.69,55.0,3.0
77,2024-10-03 12:50:00,109.0,83.0,21.19,57.0,2.88
78,2024-10-03 13:00:00,96.0,105.0,21.31,57.0,3.19
79,2024-10-03 13:10:00,94.0,103.0,21.38,56.0,3.19
80,2024-10-03 13:20:00,111.0,83.0,21.5,55.0,3.0
81,2024-10-03 13:30:00,69.0,95.0,21.0,58.0,2.5
82,2024-10-03 13:40:00,83.0,81.0,21.13,57.0,2.38
83,2024-10-03 13:50:00,64.0,68.0,21.19,57.0,2.38
84,2024-10-03 14:00:00,70.0,84.0,21.31,56.0,2.31
85,2024-10-03 14:10:00,84.0,76.0,21.38,56.0,2.31
86,2024-10-03 14:20:00,88.0,76.0,21.5,55.0,2.31
87,2024-10-03 14:30:00,68.0,88.0,21.63,55.0,2.31
88,2024-10-03 14:40:00,79.0,83.0,21.69,55.0,2.31
89,2024-10-03 14:50:00,82.0,66.0,21.81,54.0,2.19
90,2024-10-03 15:00:00,77.0,85.0,21.81,53.0,2.19
91,2024-10-03 15:10:00,83.0,74.0,21.88,53.0,2.19
92,2024-10-03 15:20:00,71.0,71.0,21.88,52.0,2.19
93,2024-10-03 15:30:00,86.0,71.0,22.0,52.0,2.13
94,2024-10-03 15:40:00,88.0,62.0,21.63,55.0,2.63
95,2024-10-03 15:50:00,76.0,64.0,21.63,55.0,2.63
96,2024-10-03 16:00:00,68.0,104.0,21.69,55.0,2.5
97,2024-10-03 16:10:00,95.0,75.0,21.69,54.0,2.5
98,2024-10-03 16:20:00,87.0,95.0,21.69,54.0,2.38
99,2024-10-03 16:30:00,95.0,75.0,21.69,54.0,2.38
100,2024-10-03 16:40:00,102.0,57.0,21.69,54.0,2.31
101,2024-10-03 16:50:00,138.0,62.0,21.69,54.0,2.19
102,2024-10-03 17:00:00,116.0,87.0,21.81,54.0,3.13
103,2024-10-03 17:10:00,150.5,69.0,21.63,55.0,3.19
104,2024-10-03 17:20:00,150.5,111.0,21.38,56.0,3.13
105,2024-10-03 17:30:00,150.5,86.0,21.19,57.0,3.0
106,2024-10-03 17:40:00,150.5,95.0,20.88,59.0,3.13
107,2024-10-03 17:50:00,140.0,75.0,20.69,61.0,3.19
108,2024-10-03 18:00:00,147.0,93.0,20.38,63.0,3.31
109,2024-10-03 18:10:00,150.5,94.0,20.13,65.0,3.31
110,2024-10-03 18:20:00,150.5,80.0,19.69,66.0,3.19
111,2024-10-03 18:30:00,150.5,95.0,19.38,68.0,3.13
112,2024-10-03 18:40:00,138.0,93.0,19.13,70.0,3.0
113,2024-10-03 18:50:00,150.5,75.0,18.69,72.0,2.88
114,2024-10-03 19:00:00,104.0,98.0,18.5,76.0,2.88
115,2024-10-03 19:10:00,36.0,42.0,18.19,78.0,2.81
116,2024-10-03 19:20:00,93.0,99.0,18.13,80.0,2.69
117,2024-10-03 19:30:00,79.0,87.0,17.88,81.0,2.63
118,2024-10-03 19:40:00,63.0,64.0,17.69,83.0,2.5
119,2024-10-03 19:50:00,77.0,58.0,17.5,85.0,2.38
120,2024-10-03 20:00:00,83.0,42.0,17.38,87.0,2.31
121,2024-10-03 20:10:00,62.0,65.0,17.31,84.0,2.38
122,2024-10-03 20:20:00,82.0,67.0,17.19,85.0,2.38
123,2024-10-03 20:30:00,64.0,53.0,17.13,85.0,2.31
124,2024-10-03 20:40:00,65.0,61.0,17.19,83.0,1.81
125,2024-10-03 20:50:00,57.0,53.0,17.13,84.0,1.69
126,2024-10-03 21:00:00,51.0,55.0,17.0,85.0,1.5
127,2024-10-03 21:10:00,69.0,26.0,16.88,86.0,1.5
128,2024-10-03 21:20:00,49.0,54.0,16.81,86.0,1.5
129,2024-10-03 21:30:00,55.0,55.0,16.88,84.0,1.88
130,2024-10-03 21:40:00,51.0,28.0,16.81,84.0,1.88
131,2024-10-03 21:50:00,51.0,54.0,16.69,84.0,2.0
132,2024-10-03 22:00:00,61.0,41.0,16.63,85.0,2.13
133,2024-10-03 22:10:00,71.0,32.0,16.5,85.0,2.13
134,2024-10-03 22:20:00,65.0,36.0,16.38,86.0,1.88
135,2024-10-03 22:30:00,53.0,57.0,16.19,87.0,1.81
136,2024-10-03 22:40:00,47.0,26.0,16.0,91.0,1.63
137,2024-10-03 22:50:00,43.0,30.0,15.88,91.0,1.63
138,2024-10-03 23:00:00,37.0,43.0,15.69,93.0,1.5
139,2024-10-03 23:10:00,44.0,25.0,15.63,94.0,1.5
140,2024-10-03 23:20:00,34.0,31.0,15.5,94.0,1.38
141,2024-10-03 23:30:00,29.0,33.0,15.63,89.0,0.38
142,2024-10-03 23:40:00,37.0,25.0,15.5,89.0,0.5
143,2024-10-03 23:50:00,28.0,23.0,15.38,90.0,0.63
144,2024-10-04 00:00:00,34.0,21.0,15.31,91.0,0.63
145,2024-10-04 00:10:00,24.0,24.0,15.19,91.0,0.69
146,2024-10-04 00:20:00,45.0,27.0,15.19,92.0,0.81
147,2024-10-04 00:30:00,24.0,25.0,15.19,90.0,0.5
148,2024-10-04 00:40:00,16.0,39.0,15.13,91.0,0.5
149,2024-10-04 00:50:00,32.0,27.0,15.0,92.0,0.5
150,2024-10-04 01:00:00,30.0,23.0,14.88,92.0,0.5
151,2024-10-04 01:10:00,16.0,22.0,14.81,93.0,0.5
152,2024-10-04 01:20:00,12.0,26.0,14.69,93.0,0.63
153,2024-10-04 01:30:00,11.0,15.0,14.63,93.0,0.69
154,2024-10-04 01:40:00,10.0,15.0,14.81,88.0,1.5
155,2024-10-04 01:50:00,19.0,15.0,14.69,88.0,1.69
156,2024-10-04 02:00:00,23.0,13.0,14.63,87.0,1.88
157,2024-10-04 02:10:00,11.0,22.0,14.5,87.0,2.0
158,2024-10-04 02:20:00,11.0,6.0,14.38,88.0,1.88
159,2024-10-04 02:30:00,7.0,11.0,14.31,88.0,1.88
160,2024-10-04 02:40:00,10.0,18.0,14.19,88.0,1.81
161,2024-10-04 02:50:00,12.0,12.0,13.88,89.0,1.69
162,2024-10-04 03:00:00,11.0,25.0,13.88,90.0,1.63
163,2024-10-04 03:10:00,8.0,15.0,13.69,90.0,1.5
164,2024-10-04 03:20:00,13.0,10.0,13.63,91.0,1.5
165,2024-10-04 03:30:00,15.0,19.0,13.88,90.0,1.81
166,2024-10-04 03:40:00,6.0,7.0,13.69,90.0,1.81
167,2024-10-04 03:50:00,10.0,7.0,13.63,91.0,1.69
168,2024-10-04 04:00:00,11.0,17.0,13.5,92.0,1.69
169,2024-10-04 04:10:00,11.0,18.0,13.38,92.0,1.63
170,2024-10-04 04:20:00,12.0,9.0,13.38,93.0,1.5
171,2024-10-04 04:30:00,11.0,11.0,13.31,93.0,1.31
172,2024-10-04 04:40:00,7.0,19.0,13.19,94.0,1.13
173,2024-10-04 04:50:00,9.0,9.0,13.13,94.0,1.13
174,2024-10-04 05:00:00,14.0,11.0,13.0,94.0,0.81
175,2024-10-04 05:10:00,7.0,7.0,13.0,95.0,0.69
176,2024-10-04 05:20:00,12.0,32.0,12.88,95.0,0.69
177,2024-10-04 05:30:00,30.0,20.0,12.81,95.0,0.69
178,2024-10-04 05:40:00,37.0,27.0,12.81,95.0,0.69
179,2024-10-04 05:50:00,33.0,31.0,12.69,95.0,0.69
180,2024-10-04 06:00:00,39.0,43.0,13.13,94.0,1.19
181,2024-10-04 06:10:00,45.0,24.0,13.0,94.0,1.19
182,2024-10-04 06:20:00,39.0,35.0,12.88,95.0,1.19
183,2024-10-04 06:30:00,53.0,40.0,12.88,95.0,1.19
184,2024-10-04 06:40:00,38.0,31.0,13.0,95.0,1.13
185,2024-10-04 06:50:00,42.0,53.0,13.0,95.0,1.0
186,2024-10-04 07:00:00,44.0,78.0,13.0,95.0,1.0
187,2024-10-04 07:10:00,55.0,66.0,12.88,96.0,0.88
188,2024-10-04 07:20:00,63.0,67.0,12.88,96.0,0.81
189,2024-10-04 07:30:00,52.0,72.0,13.5,95.0,0.69
190,2024-10-04 07:40:00,50.0,77.0,13.81,93.0,0.5
191,2024-10-04 07:50:00,45.0,103.0,14.13,92.0,0.31
192,2024-10-04 08:00:00,68.0,105.0,14.31,91.0,0.19
193,2024-10-04 08:10:00,66.0,94.0,14.38,91.0,0.13
194,2024-10-04 08:20:00,82.0,106.0,15.63,88.0,1.0
195,2024-10-04 08:30:00,62.0,117.0,16.0,87.0,1.13
196,2024-10-04 08:40:00,89.0,122.0,16.31,87.0,1.19
197,2024-10-04 08:50:00,102.0,159.5,16.69,86.0,1.31
198,2024-10-04 09:00:00,96.0,134.0,17.38,85.0,1.5
199,2024-10-04 09:10:00,68.0,159.5,17.63,85.0,1.63
200,2024-10-04 09:20:00,62.0,112.0,17.88,82.0,1.69
201,2024-10-04 09:30:00,60.0,103.0,17.88,82.0,1.69
202,2024-10-04 09:40:00,55.0,74.0,17.88,82.0,1.69
203,2024-10-04 09:50:00,107.0,76.0,19.19,74.0,1.88
204,2024-10-04 10:00:00,74.0,146.0,19.38,73.0,1.88
205,2024-10-04 10:10:00,59.0,64.0,19.5,72.0,1.88
206,2024-10-04 10:20:00,79.0,84.0,19.81,72.0,2.13
207,2024-10-04 10:30:00,55.0,95.0,19.88,72.0,2.19
208,2024-10-04 10:40:00,72.0,74.0,20.13,69.0,1.5
209,2024-10-04 10:50:00,111.0,104.0,20.31,68.0,1.63
210,2024-10-04 11:00:00,84.0,84.0,20.5,67.0,1.69
211,2024-10-04 11:10:00,110.0,95.0,20.63,66.0,1.69
212,2024-10-04 11:20:00,48.0,70.0,21.0,63.0,1.88
213,2024-10-04 11:30:00,75.0,71.0,21.31,60.0,2.0
214,2024-10-04 11:40:00,77.0,63.0,21.38,59.0,2.0
215,2024-10-04 11:50:00,131.0,100.0,21.81,56.0,2.13
216,2024-10-04 12:00:00,93.0,139.0,21.88,55.0,2.19
217,2024-10-04 12:10:00,109.0,133.0,22.19,53.0,2.31
218,2024-10-04 12:20:00,132.0,115.0,22.31,52.0,2.31
219,2024-10-04 12:30:00,96.0,109.0,22.63,54.0,3.38
220,2024-10-04 12:40:00,130.0,123.0,22.63,53.0,3.38
221,2024-10-04 12:50:00,101.0,116.0,22.69,52.0,3.38
222,2024-10-04 13:00:00,84.0,85.0,22.69,51.0,3.38
223,2024-10-04 13:10:00,115.0,114.0,22.81,51.0,3.38
224,2024-10-04 13:20:00,101.0,63.0,22.88,51.0,3.38
225,2024-10-04 13:30:00,86.0,73.0,23.0,51.0,3.38
226,2024-10-04 13:40:00,76.0,88.0,23.13,51.0,3.31
227,2024-10-04 13:50:00,72.0,74.0,22.69,59.0,3.38
228,2024-10-04 14:00:00,72.0,90.0,22.69,59.0,3.38
229,2024-10-04 14:10:00,89.0,68.0,22.69,60.0,3.31
230,2024-10-04 14:20:00,80.0,74.0,22.69,60.0,3.31
231,2024-10-04 14:30:00,65.0,109.0,22.81,60.0,3.19
232,2024-10-04 14:40:00,76.0,78.0,23.0,59.0,2.88
233,2024-10-04 14:50:00,59.0,35.0,23.13,58.0,2.81
234,2024-10-04 15:00:00,83.0,93.0,23.19,58.0,2.69
235,2024-10-04 15:10:00,64.0,66.0,23.19,58.0,2.69
236,2024-10-04 15:20:00,74.0,95.0,23.19,58.0,2.88
237,2024-10-04 15:30:00,105.0,84.0,23.13,60.0,3.19
238,2024-10-04 15:40:00,70.0,81.0,22.88,61.0,3.31
239,2024-10-04 15:50:00,86.0,90.0,22.81,61.0,3.5
240,2024-10-04 16:00:00,102.0,76.0,22.69,62.0,3.69
241,2024-10-04 16:10:00,97.0,67.0,22.63,63.0,3.69
242,2024-10-04 16:20:00,118.0,99.0,22.38,63.0,3.81
243,2024-10-04 16:30:00,115.0,63.0,22.19,64.0,3.81
244,2024-10-04 16:40:00,128.0,83.0,22.0,64.0,3.81
245,2024-10-04 16:50:00,114.0,103.0,21.81,64.0,3.88
246,2024-10-04 17:00:00,94.0,97.0,21.63,65.0,3.88
247,2024-10-04 17:10:00,133.0,85.0,21.38,66.0,3.88
248,2024-10-04 17:20:00,150.5,103.0,21.19,67.0,4.13
249,2024-10-04 17:30:00,150.0,92.0,20.88,68.0,3.69
250,2024-10-04 17:40:00,136.0,81.0,20.69,68.0,3.69
251,2024-10-04 17:50:00,120.0,74.0,20.38,69.0,3.69
252,2024-10-04 18:00:00,124.0,91.0,20.19,69.0,3.69
253,2024-10-04 18:10:00,141.0,82.0,20.0,70.0,3.69
254,2024-10-04 18:20:00,93.0,110.0,19.81,71.0,3.5
255,2024-10-04 18:30:00,105.0,97.0,19.5,75.0,3.5
256,2024-10-04 18:40:00,127.0,77.0,19.38,76.0,3.31
257,2024-10-04 18:50:00,87.0,94.0,19.19,76.0,3.13
258,2024-10-04 19:00:00,94.0,99.0,19.13,77.0,2.88
259,2024-10-04 19:10:00,47.0,116.0,19.0,77.0,2.88
260,2024-10-04 19:20:00,91.0,93.0,19.0,76.0,2.88
261,2024-10-04 19:30:00,84.0,67.0,19.19,73.0,3.13
262,2024-10-04 19:40:00,66.0,90.0,19.19,73.0,3.0
263,2024-10-04 19:50:00,70.0,69.0,19.19,73.0,3.0
264,2024-10-04 20:00:00,63.0,64.0,19.19,73.0,3.0
265,2024-10-04 20:10:00,66.0,82.0,19.19,73.0,3.0
266,2024-10-04 20:20:00,65.0,57.0,19.19,73.0,3.0
267,2024-10-04 20:30:00,76.0,56.0,19.13,74.0,3.0
268,2024-10-04 20:40:00,73.0,76.0,19.13,74.0,3.13
269,2024-10-04 20:50:00,70.0,60.0,19.13,74.0,3.13
270,2024-10-04 21:00:00,57.0,54.0,18.88,78.0,2.63
271,2024-10-04 21:10:00,76.0,56.0,18.81,79.0,2.5
272,2024-10-04 21:20:00,98.0,51.0,18.88,79.0,2.38
273,2024-10-04 21:30:00,59.0,53.0,18.88,79.0,2.38
274,2024-10-04 21:40:00,52.0,80.0,18.88,79.0,2.31
275,2024-10-04 21:50:00,52.0,52.0,18.88,80.0,2.19
276,2024-10-04 22:00:00,49.0,51.0,18.88,80.0,2.13
277,2024-10-04 22:10:00,65.0,40.0,18.63,77.0,1.88
278,2024-10-04 22:20:00,59.0,48.0,18.81,75.0,1.69
279,2024-10-04 22:30:00,46.0,51.0,18.69,75.0,1.88
280,2024-10-04 22:40:00,36.0,46.0,18.69,75.0,2.13
281,2024-10-04 22:50:00,66.0,35.0,18.69,75.0,2.19
282,2024-10-04 23:00:00,55.0,28.0,18.63,75.0,2.38
283,2024-10-04 23:10:00,86.0,51.0,18.69,75.0,2.31
284,2024-10-04 23:20:00,63.0,43.0,18.69,75.0,2.19
285,2024-10-04 23:30:00,55.0,46.0,19.0,74.0,2.5
286,2024-10-04 23:40:00,60.0,47.0,18.88,75.0,2.63
287,2024-10-04 23:50:00,51.0,47.0,18.81,75.0,2.69
288,2024-10-05 00:00:00,40.0,22.0,18.69,75.0,2.81
289,2024-10-05 00:10:00,29.0,31.0,18.752499999999998,75.0,2.5300000000000002
290,2024-10-05 00:20:00,41.0,37.0,18.814999999999998,75.0,2.25
291,2024-10-05 00:30:00,39.0,45.0,18.735,76.0,2.0949999999999998
292,2024-10-05 00:40:00,40.0,33.0,18.655,77.0,1.94
293,2024-10-05 00:50:00,36.0,28.0,18.405,79.0,1.845
294,2024-10-05 01:00:00,26.0,30.0,18.155,81.0,1.75
295,2024-10-05 01:10:00,25.0,25.0,18.0775,81.25,1.72
296,2024-10-05 01:20:00,27.0,21.0,18.0,81.5,1.69
297,2024-10-05 01:30:00,22.0,21.0,18.0,80.75,1.72
298,2024-10-05 01:40:00,41.0,22.0,18.0,80.0,1.75
299,2024-10-05 01:50:00,20.0,27.0,18.0325,80.0,1.845
300,2024-10-05 02:00:00,28.0,38.0,18.064999999999998,80.0,1.94
301,2024-10-05 02:10:00,24.0,30.0,18.0325,80.0,1.845
302,2024-10-05 02:20:00,14.0,42.0,18.0,80.0,1.75
303,2024-10-05 02:30:00,21.0,27.0,17.845,80.5,1.5474999999999999
304,2024-10-05 02:40:00,19.0,31.0,17.689999999999998,81.0,1.345
305,2024-10-05 02:50:00,17.0,18.0,17.455,82.25,1.2525
306,2024-10-05 03:00:00,14.0,15.0,17.22,83.5,1.16
307,2024-10-05 03:10:00,17.0,14.0,17.299999999999997,82.75,1.035
308,2024-10-05 03:20:00,13.0,14.0,17.38,82.0,0.9099999999999999
309,2024-10-05 03:30:00,8.0,11.0,17.409999999999997,81.5,0.8775
310,2024-10-05 03:40:00,17.0,7.0,17.439999999999998,81.0,0.845
311,2024-10-05 03:50:00,13.0,17.0,17.299999999999997,81.75,1.0025
312,2024-10-05 04:00:00,15.0,15.0,17.16,82.5,1.16
313,2024-10-05 04:10:00,14.0,22.0,17.0325,83.0,1.145
314,2024-10-05 04:20:00,11.0,11.0,16.905,83.5,1.13
315,2024-10-05 04:30:00,8.0,16.0,16.735,84.25,0.9874999999999999
316,2024-10-05 04:40:00,5.0,11.0,16.564999999999998,85.0,0.845
317,2024-10-05 04:50:00,11.0,11.0,16.485,85.25,0.9249999999999999
318,2024-10-05 05:00:00,4.0,13.0,16.405,85.5,1.005
319,2024-10-05 05:10:00,9.0,8.0,16.22,86.25,1.035
320,2024-10-05 05:20:00,10.0,11.0,16.035,87.0,1.065
321,2024-10-05 05:30:00,10.0,18.0,15.8925,87.5,1.1124999999999998
322,2024-10-05 05:40:00,9.0,10.0,15.75,88.0,1.16
323,2024-10-05 05:50:00,13.0,14.0,15.6575,88.25,1.2825
324,2024-10-05 06:00:00,8.0,7.0,15.565000000000001,88.5,1.405
325,2024-10-05 06:10:00,11.0,5.0,15.4725,88.75,1.4525000000000001
326,2024-10-05 06:20:00,20.0,20.0,15.38,89.0,1.5
327,2024-10-05 06:30:00,23.0,16.0,15.315000000000001,89.5,1.565
328,2024-10-05 06:40:00,32.0,31.0,15.25,90.0,1.63
329,2024-10-05 06:50:00,24.0,29.0,15.205,90.25,1.69
330,2024-10-05 07:00:00,16.0,31.0,15.16,90.5,1.75
331,2024-10-05 07:10:00,11.0,24.0,15.205,90.25,1.8775
332,2024-10-05 07:20:00,21.0,25.0,15.25,90.0,2.005
333,2024-10-05 07:30:00,23.0,28.0,15.6275,89.0,2.4575
334,2024-10-05 07:40:00,24.0,24.0,16.005,88.0,2.91
335,2024-10-05 07:50:00,34.0,42.0,16.284999999999997,87.5,2.8775
336,2024-10-05 08:00:00,25.0,41.0,16.564999999999998,87.0,2.8449999999999998
337,2024-10-05 08:10:00,31.0,23.0,16.6575,85.75,2.9699999999999998
338,2024-10-05 08:20:00,43.0,18.0,16.75,84.5,3.0949999999999998
339,2024-10-05 08:30:00,36.0,33.0,17.4525,81.25,3.33
340,2024-10-05 08:40:00,39.0,39.0,18.155,78.0,3.565
341,2024-10-05 08:50:00,54.0,44.0,18.375,76.75,3.6574999999999998
342,2024-10-05 09:00:00,32.0,51.0,18.595,75.5,3.75
343,2024-10-05 09:10:00,50.0,41.0,18.7975,73.75,3.815
344,2024-10-05 09:20:00,63.0,72.0,19.0,72.0,3.88
345,2024-10-05 09:30:00,29.0,31.0,19.226,70.8,4.08
346,2024-10-05 09:40:00,52.0,50.0,19.451999999999998,69.6,4.28
347,2024-10-05 09:50:00,49.0,43.0,19.678,68.4,4.4799999999999995
348,2024-10-05 10:00:00,68.0,61.0,19.904,67.2,4.68
349,2024-10-05 10:10:00,77.0,42.0,20.13,66.0,4.88
350,2024-10-05 10:20:00,71.0,44.0,20.31,64.0,4.88
351,2024-10-05 10:30:00,80.0,50.0,20.5,60.0,4.69
352,2024-10-05 10:40:00,53.0,70.0,20.63,59.0,4.69
353,2024-10-05 10:50:00,67.0,54.0,20.81,60.0,5.13
354,2024-10-05 11:00:00,55.0,59.0,21.0,60.0,5.0
355,2024-10-05 11:10:00,56.0,68.0,21.19,59.0,5.0
356,2024-10-05 11:20:00,72.0,65.0,21.31,58.0,5.0
357,2024-10-05 11:30:00,86.0,61.0,22.0,55.0,4.63
358,2024-10-05 11:40:00,97.0,47.0,22.19,54.0,4.69
359,2024-10-05 11:50:00,63.0,81.0,22.38,53.0,4.88
360,2024-10-05 12:00:00,46.0,57.0,22.63,52.0,5.0
361,2024-10-05 12:10:00,81.0,66.0,22.81,51.0,5.0
362,2024-10-05 12:20:00,68.0,64.0,22.88,50.0,5.0
363,2024-10-05 12:30:00,74.0,68.0,23.13,49.0,4.88
364,2024-10-05 12:40:00,78.0,65.0,23.13,45.0,5.13
365,2024-10-05 12:50:00,77.0,78.0,23.19,45.0,5.13
366,2024-10-05 13:00:00,72.0,89.0,23.31,44.0,5.0
367,2024-10-05 13:10:00,73.0,77.0,23.5,43.0,5.13
368,2024-10-05 13:20:00,82.0,71.0,23.69,40.0,5.13
369,2024-10-05 13:30:00,82.0,65.0,23.695,38.075,5.0
370,2024-10-05 13:40:00,98.0,103.0,23.81,37.0,5.0
371,2024-10-05 13:50:00,79.0,70.0,23.88,36.0,5.19
372,2024-10-05 14:00:00,49.0,83.0,24.0,35.0,5.19
373,2024-10-05 14:10:00,62.0,66.0,24.13,34.0,5.19
374,2024-10-05 14:20:00,77.0,77.0,24.19,33.0,5.0
375,2024-10-05 14:30:00,79.0,72.0,23.69,36.0,4.81
376,2024-10-05 14:40:00,75.0,54.0,23.81,36.0,4.69
377,2024-10-05 14:50:00,86.0,104.0,23.88,35.0,4.63
378,2024-10-05 15:00:00,81.0,69.0,23.88,35.0,4.5
379,2024-10-05 15:10:00,89.0,67.0,23.88,35.0,4.38
380,2024-10-05 15:20:00,94.0,81.0,23.88,34.0,4.38
381,2024-10-05 15:30:00,58.0,74.0,24.0,37.0,4.0
382,2024-10-05 15:40:00,100.0,91.0,24.0,37.0,3.88
383,2024-10-05 15:50:00,93.0,67.0,24.0,36.0,3.81
384,2024-10-05 16:00:00,100.0,67.0,24.0,36.0,3.69
385,2024-10-05 16:10:00,100.0,64.0,23.88,36.0,3.69
386,2024-10-05 16:20:00,89.0,73.0,23.81,36.0,3.69
387,2024-10-05 16:30:00,69.0,85.0,23.63,36.0,4.13
388,2024-10-05 16:40:00,70.0,70.0,23.38,36.0,4.13
389,2024-10-05 16:50:00,85.0,71.0,23.31,36.0,4.0
390,2024-10-05 17:00:00,103.0,88.0,23.19,36.0,4.0
391,2024-10-05 17:10:00,88.0,87.0,23.0,36.0,3.88
392,2024-10-05 17:20:00,91.0,83.0,22.88,36.0,3.81
393,2024-10-05 17:30:00,67.0,82.0,22.63,36.0,3.69
394,2024-10-05 17:40:00,95.0,74.0,22.5,36.0,3.5
395,2024-10-05 17:50:00,80.0,113.0,22.31,36.0,3.19
396,2024-10-05 18:00:00,75.0,80.0,22.13,36.0,3.0
397,2024-10-05 18:10:00,63.0,92.0,21.69,37.0,2.88
398,2024-10-05 18:20:00,74.0,109.0,21.38,37.0,2.81
399,2024-10-05 18:30:00,88.0,98.0,20.81,39.0,2.69
400,2024-10-05 18:40:00,65.0,82.0,20.5,40.0,2.5
401,2024-10-05 18:50:00,68.0,76.0,20.0,41.0,2.5
402,2024-10-05 19:00:00,47.0,101.0,19.63,42.0,2.38
403,2024-10-05 19:10:00,59.0,97.0,19.5,43.0,2.5
404,2024-10-05 19:20:00,46.0,100.0,19.13,43.0,2.5
405,2024-10-05 19:30:00,52.0,75.0,19.19,46.0,2.19
406,2024-10-05 19:40:00,62.0,83.0,18.88,47.0,2.19
407,2024-10-05 19:50:00,56.0,53.0,18.81,48.0,2.19
408,2024-10-05 20:00:00,46.0,65.0,18.38,50.0,2.19
409,2024-10-05 20:10:00,65.0,72.0,18.19,50.0,2.31
410,2024-10-05 20:20:00,83.0,56.0,18.13,50.0,2.31
411,2024-10-05 20:30:00,53.0,75.0,18.0,50.0,2.31
412,2024-10-05 20:40:00,60.0,41.0,18.19,54.0,2.63
413,2024-10-05 20:50:00,50.0,44.0,18.0,55.0,2.5
414,2024-10-05 21:00:00,77.0,61.0,17.88,55.0,2.38
415,2024-10-05 21:10:00,52.0,41.0,17.69,55.0,2.38
416,2024-10-05 21:20:00,52.0,63.0,17.63,54.0,2.5
417,2024-10-05 21:30:00,65.0,34.0,18.19,54.0,3.0
418,2024-10-05 21:40:00,54.0,60.0,18.0,54.0,2.69
419,2024-10-05 21:50:00,62.0,53.0,17.63,55.0,2.19
420,2024-10-05 22:00:00,51.0,41.0,17.31,56.0,1.88
421,2024-10-05 22:10:00,62.0,39.0,17.19,57.0,1.88
422,2024-10-05 22:20:00,67.0,39.0,16.81,58.0,1.88
423,2024-10-05 22:30:00,53.0,56.0,16.38,61.0,1.81
424,2024-10-05 22:40:00,55.0,40.0,16.38,61.0,1.88
425,2024-10-05 22:50:00,76.0,34.0,16.13,62.0,2.0
426,2024-10-05 23:00:00,75.0,30.0,15.88,63.0,2.13
427,2024-10-05 23:10:00,87.0,37.0,15.69,63.0,2.0
428,2024-10-05 23:20:00,56.0,26.0,15.5,64.0,2.0
429,2024-10-05 23:30:00,53.0,38.0,15.38,58.0,2.19
430,2024-10-05 23:40:00,47.0,40.0,15.38,58.0,2.19
431,2024-10-05 23:50:00,66.0,52.0,15.0,60.0,2.13
432,2024-10-06 00:00:00,49.0,28.0,14.81,61.0,2.13
433,2024-10-06 00:10:00,32.0,47.0,14.69,61.0,2.19
434,2024-10-06 00:20:00,30.0,42.0,14.5,62.0,2.19
435,2024-10-06 00:30:00,42.0,32.0,14.81,62.0,2.5
436,2024-10-06 00:40:00,34.0,33.0,14.5,64.0,2.5
437,2024-10-06 00:50:00,28.0,46.0,14.38,65.0,2.5
438,2024-10-06 01:00:00,34.0,13.0,14.19,67.0,2.5
439,2024-10-06 01:10:00,31.0,34.0,14.13,67.0,2.5
440,2024-10-06 01:20:00,36.0,33.0,13.88,67.0,2.5
441,2024-10-06 01:30:00,45.0,17.0,14.0,66.0,2.63
442,2024-10-06 01:40:00,27.0,18.0,13.88,66.0,2.63
443,2024-10-06 01:50:00,24.0,21.0,13.69,67.0,2.63
444,2024-10-06 02:00:00,29.0,22.0,13.63,68.0,2.69
445,2024-10-06 02:10:00,18.0,31.0,13.38,68.0,2.63
446,2024-10-06 02:20:00,13.0,26.0,13.31,69.0,2.63
447,2024-10-06 02:30:00,16.0,28.0,13.13,71.0,2.31
448,2024-10-06 02:40:00,12.0,18.0,13.0,72.0,2.19
449,2024-10-06 02:50:00,4.0,10.0,12.81,73.0,2.19
450,2024-10-06 03:00:00,19.0,71.0,12.69,74.0,2.13
451,2024-10-06 03:10:00,15.0,27.0,12.5,74.0,2.13
452,2024-10-06 03:20:00,36.0,26.0,12.38,75.0,2.13
453,2024-10-06 03:30:00,23.0,28.0,12.19,76.0,2.0
454,2024-10-06 03:40:00,15.0,14.0,12.5,71.0,1.69
455,2024-10-06 03:50:00,17.0,16.0,12.38,72.0,1.81
456,2024-10-06 04:00:00,11.0,25.0,12.38,72.0,1.81
457,2024-10-06 04:10:00,20.0,16.0,12.13,74.0,2.0
458,2024-10-06 04:20:00,13.0,11.0,11.88,75.0,2.0
459,2024-10-06 04:30:00,8.0,8.0,11.81,76.0,2.0
460,2024-10-06 04:40:00,6.0,11.0,11.69,77.0,2.0
461,2024-10-06 04:50:00,11.0,10.0,11.5,78.0,2.0
462,2024-10-06 05:00:00,12.0,25.0,11.5,78.0,2.0
463,2024-10-06 05:10:00,8.0,17.0,11.38,78.0,2.13
464,2024-10-06 05:20:00,13.0,19.0,11.38,79.0,2.13
465,2024-10-06 05:30:00,13.0,9.0,11.38,79.0,2.13
466,2024-10-06 05:40:00,7.0,6.0,11.63,73.0,2.13
467,2024-10-06 05:50:00,7.0,14.0,11.38,74.0,2.0
468,2024-10-06 06:00:00,7.0,11.0,11.19,75.0,2.0
469,2024-10-06 06:10:00,8.0,7.0,11.13,76.0,2.0
470,2024-10-06 06:20:00,9.0,6.0,11.0,78.0,1.88
471,2024-10-06 06:30:00,16.0,8.0,11.31,76.0,2.0
472,2024-10-06 06:40:00,27.0,16.0,11.0,79.0,1.88
473,2024-10-06 06:50:00,16.0,22.0,11.0,79.0,1.88
474,2024-10-06 07:00:00,14.0,23.0,10.81,83.0,1.81
475,2024-10-06 07:10:00,18.0,21.0,10.81,84.0,1.81
476,2024-10-06 07:20:00,21.0,25.0,10.88,84.0,1.81
477,2024-10-06 07:30:00,21.0,30.0,11.0,79.0,1.69
478,2024-10-06 07:40:00,23.0,20.0,11.0,79.0,1.69
479,2024-10-06 07:50:00,24.0,27.0,11.0,79.0,1.69
480,2024-10-06 08:00:00,15.0,22.0,11.0,79.0,1.69
481,2024-10-06 08:10:00,24.0,22.0,12.19,78.0,1.81
482,2024-10-06 08:20:00,19.0,19.0,12.63,77.0,1.81
483,2024-10-06 08:30:00,23.0,22.0,13.0,75.0,1.81
484,2024-10-06 08:40:00,41.0,28.0,13.88,70.0,1.19
485,2024-10-06 08:50:00,44.0,23.0,14.31,69.0,1.31
486,2024-10-06 09:00:00,36.0,45.0,14.69,69.0,1.38
487,2024-10-06 09:10:00,45.0,35.0,15.13,67.0,1.38
488,2024-10-06 09:20:00,49.0,50.0,15.5,66.0,1.5
489,2024-10-06 09:30:00,38.0,40.0,15.69,65.0,1.5
490,2024-10-06 09:40:00,37.0,57.0,16.13,64.0,1.5
491,2024-10-06 09:50:00,51.0,39.0,16.63,59.0,0.81
492,2024-10-06 10:00:00,44.0,47.0,17.13,58.0,0.81
493,2024-10-06 10:10:00,45.0,56.0,17.38,57.0,0.81
494,2024-10-06 10:20:00,51.0,45.0,17.81,56.0,0.81
495,2024-10-06 10:30:00,60.0,56.0,17.81,56.0,0.81
496,2024-10-06 10:40:00,63.0,53.0,18.69,47.0,1.0
497,2024-10-06 10:50:00,74.0,50.0,18.81,46.0,1.0
498,2024-10-06 11:00:00,51.0,88.0,19.31,45.0,0.81
499,2024-10-06 11:10:00,69.0,60.0,19.63,44.0,0.88
500,2024-10-06 11:20:00,71.0,49.0,19.69,50.0,0.88
501,2024-10-06 11:30:00,64.0,50.0,20.0,49.0,1.0
502,2024-10-06 11:40:00,63.0,69.0,20.5,48.0,1.19
503,2024-10-06 11:50:00,67.0,78.0,20.5,48.0,1.19
504,2024-10-06 12:00:00,58.0,60.0,21.0,47.0,1.38
505,2024-10-06 12:10:00,70.0,84.0,21.0,47.0,1.38
506,2024-10-06 12:20:00,76.0,67.0,21.19,46.0,1.88
507,2024-10-06 12:30:00,76.0,75.0,21.38,46.0,2.19
508,2024-10-06 12:40:00,79.0,91.0,21.69,42.0,2.38
509,2024-10-06 12:50:00,52.0,72.0,21.88,41.0,2.69
510,2024-10-06 13:00:00,63.0,49.0,22.0,40.0,2.81
511,2024-10-06 13:10:00,95.0,61.0,22.13,40.0,3.0
512,2024-10-06 13:20:00,79.0,78.0,22.19,40.0,3.0
513,2024-10-06 13:30:00,55.0,96.0,21.88,44.0,3.38
514,2024-10-06 13:40:00,94.0,69.0,22.0,43.0,3.38
515,2024-10-06 13:50:00,62.0,86.0,22.0,43.0,3.38
516,2024-10-06 14:00:00,52.0,76.0,22.13,43.0,3.38
517,2024-10-06 14:10:00,62.0,91.0,22.13,43.0,3.38
518,2024-10-06 14:20:00,67.0,100.0,22.13,44.0,3.5
519,2024-10-06 14:30:00,52.0,95.0,22.0,43.0,3.63
520,2024-10-06 14:40:00,70.0,63.0,22.0,42.0,3.5
521,2024-10-06 14:50:00,80.0,92.0,22.0,42.0,3.5
522,2024-10-06 15:00:00,90.0,83.0,22.0,42.485,3.5
523,2024-10-06 15:10:00,84.0,82.0,21.97,42.9925,3.5
524,2024-10-06 15:20:00,95.0,55.0,21.939999999999998,43.5,3.5
525,2024-10-06 15:30:00,78.0,62.0,21.847499999999997,45.75,3.5775
526,2024-10-06 15:40:00,69.0,75.0,21.755,48.0,3.6550000000000002
527,2024-10-06 15:50:00,90.0,58.0,21.597499999999997,51.0,3.86
528,2024-10-06 16:00:00,69.0,67.0,21.439999999999998,54.0,4.0649999999999995
529,2024-10-06 16:10:00,95.0,81.0,21.28547619047619,54.507936507936506,4.0975
530,2024-10-06 16:20:00,109.0,86.0,21.13095238095238,55.01587301587302,4.13
531,2024-10-06 16:30:00,48.0,37.0,21.01797619047619,55.757936507936506,4.13
532,2024-10-06 16:40:00,78.0,84.0,20.905,56.5,4.13
533,2024-10-06 16:50:00,68.0,69.0,20.65888888888889,58.111111111111114,4.102222222222222
534,2024-10-06 17:00:00,83.0,62.0,20.41277777777778,59.72222222222222,4.0744444444444445
535,2024-10-06 17:10:00,76.0,71.0,20.166666666666668,61.333333333333336,4.046666666666667
536,2024-10-06 17:20:00,67.0,81.0,19.920555555555556,62.94444444444444,4.018888888888889
537,2024-10-06 17:30:00,64.0,87.0,19.674444444444447,64.55555555555556,3.991111111111111
538,2024-10-06 17:40:00,78.0,67.0,19.428333333333335,66.16666666666667,3.9633333333333334
539,2024-10-06 17:50:00,94.0,67.0,19.182222222222222,67.77777777777777,3.9355555555555553
540,2024-10-06 18:00:00,78.0,69.0,18.936111111111114,69.38888888888889,3.9077777777777776
541,2024-10-06 18:10:00,72.0,82.0,18.69,71.0,3.88
542,2024-10-06 18:20:00,72.0,61.0,18.5,73.0,3.81
543,2024-10-06 18:30:00,74.0,91.0,18.5,75.0,3.69
544,2024-10-06 18:40:00,48.0,74.0,18.19,77.0,3.63
545,2024-10-06 18:50:00,88.0,66.0,18.13,78.0,3.63
546,2024-10-06 19:00:00,60.0,85.0,17.69,81.0,3.38
547,2024-10-06 19:10:00,43.0,81.0,17.63,82.0,3.38
548,2024-10-06 19:20:00,51.0,73.0,17.5,82.0,3.31
549,2024-10-06 19:30:00,60.0,54.0,17.63,81.0,3.38
550,2024-10-06 19:40:00,56.0,58.0,17.38,83.0,3.19
551,2024-10-06 19:50:00,59.0,44.0,17.31,84.0,3.0
552,2024-10-06 20:00:00,53.0,61.0,17.19,85.0,2.81
553,2024-10-06 20:10:00,56.0,29.0,17.13,85.0,2.88
554,2024-10-06 20:20:00,46.0,34.0,17.13,85.0,3.13
555,2024-10-06 20:30:00,45.0,43.0,17.19,81.0,3.0
556,2024-10-06 20:40:00,45.0,54.0,17.13,82.0,2.88
557,2024-10-06 20:50:00,59.0,38.0,17.0,83.0,2.81
558,2024-10-06 21:00:00,42.0,43.0,16.88,83.0,2.63
559,2024-10-06 21:10:00,55.0,33.0,16.88,83.0,2.81
560,2024-10-06 21:20:00,46.0,30.0,16.88,82.0,2.88
561,2024-10-06 21:30:00,52.0,33.0,16.81,81.0,2.81
562,2024-10-06 21:40:00,52.0,31.0,16.81,81.0,2.81
563,2024-10-06 21:50:00,41.0,45.0,16.735,81.5,2.75
564,2024-10-06 22:00:00,50.0,33.0,16.66,82.0,2.69
565,2024-10-06 22:10:00,38.0,35.0,16.612499999999997,82.25,2.69
566,2024-10-06 22:20:00,53.0,39.0,16.564999999999998,82.5,2.69
567,2024-10-06 22:30:00,29.0,51.0,16.627499999999998,81.0,2.66
568,2024-10-06 22:40:00,40.0,30.0,16.689999999999998,79.5,2.63
569,2024-10-06 22:50:00,37.0,41.0,16.7675,77.75,2.5175
570,2024-10-06 23:00:00,38.0,36.0,16.845,76.0,2.4050000000000002
571,2024-10-06 23:10:00,41.0,38.0,16.752499999999998,76.75,2.3925
572,2024-10-06 23:20:00,34.0,32.0,16.66,77.5,2.38
573,2024-10-06 23:30:00,20.0,25.0,16.5825,77.0,2.255
574,2024-10-06 23:40:00,28.0,20.0,16.505,76.5,2.13
575,2024-10-06 23:50:00,24.0,22.0,16.4075,77.25,2.13
576,2024-10-07 00:00:00,29.0,27.0,16.31,78.0,2.13
